Job Title,Company,Location,Remote,Job URL,Logo URL,Experience Level,Tools Tags,Industry Type,Date Posted,Refreshed This Week,Job Portal
Senior Account Lead,Sanctuary Computer,US or Located between Pacific Standard Time (UTC-8) and Central European Time (UTC+2),On-site,https://jobspresso.co/job/sanctuary-computer-us-or-located-between-pacific-standard-time-utc-8-and-central-european-time-utc2-designer-developer-marketing-various-product-mgmt-sales-senior-lead-account/,https://jobspresso.co/wp-content/uploads/ubCofiN2_400x4001-150x150.jpg,Mid-level,"Salesforce, HubSpot",Not specified on Jobspresso,2025-05-27,False,Jobspresso
Technical Support and Sales Rep,GoDaddy,United States,On-site,https://jobspresso.co/job/technical-support-sales-rep/,https://jobspresso.co/wp-content/uploads/47024045_2033573400094233_4076963423299043328_o-150x150.jpg,Entry-level,-,Not specified on Jobspresso,2025-05-17,False,Jobspresso
Strategic Account Executive,Miro,United States,On-site,https://jobspresso.co/job/strategic-account-executive-2/,https://jobspresso.co/wp-content/uploads/VS0PZmJN_400x4001-150x150.jpg,Senior-level,-,Not specified on Jobspresso,2025-05-12,False,Jobspresso
Financial Sales Professional (Bilingual / Portuguese),FPS Consulting,United States,On-site,https://jobspresso.co/job/fps-consulting-sales-financial-professional-bilingual-portuguese/,https://jobspresso.co/wp-content/uploads/1631376863942-150x150.jpg,-,-,Not specified on Jobspresso,2025-05-05,False,Jobspresso
"Strategic Account Manager, DeFi",Chainlink Labs,United States or Europe,On-site,https://jobspresso.co/job/strategic-account-manager-defi/,https://jobspresso.co/wp-content/uploads/N7yf_kOD_400x4001-150x150.jpg,Mid-level,-,Not specified on Jobspresso,2025-04-21,False,Jobspresso
"Account Executive, Enterprise",Zapier,Americas (PST to EST Time Zones),On-site,https://jobspresso.co/job/account-executive-enterprise-2/,https://jobspresso.co/wp-content/uploads/APPk5y29_400x4001-150x150.png,Mid-level,HubSpot,Not specified on Jobspresso,2025-04-15,False,Jobspresso
Sales Manager,ModSquad,Various Countries,On-site,https://jobspresso.co/job/sales-manager-6/,https://jobspresso.co/wp-content/uploads/56381657_2119959881374390_7021587409389223936_n1-150x150.png,Mid-level,Salesforce,Not specified on Jobspresso,2025-03-13,False,Jobspresso
Business Development Representative,1Password,US or Canada,On-site,https://jobspresso.co/job/business-development-representative-4/,https://jobspresso.co/wp-content/uploads/nkB3lOvM_400x4001-150x150.png,-,"Salesforce, LinkedIn Sales Navigator",Not specified on Jobspresso,2024-08-20,False,Jobspresso
Senior Account Executive,Indiegogo,United States,On-site,https://jobspresso.co/job/senior-account-executive-2/,https://jobspresso.co/wp-content/uploads/ym_X0uoX_400x4001-150x150.jpg,Senior-level,Salesforce,Not specified on Jobspresso,2025-03-11,False,Jobspresso
Sales Development Specialist II,Rackspace,United States,On-site,https://jobspresso.co/job/sales-development-specialist-ii/,https://jobspresso.co/wp-content/uploads/JaaxgBri_400x4001-150x150.png,Mid-level,-,Not specified on Jobspresso,2024-10-22,False,Jobspresso
Pre-Sales Solutions Engineer,Grafana Labs,Pacific Time Zone,On-site,https://jobspresso.co/job/pre-sales-solutions-engineer/,https://jobspresso.co/wp-content/uploads/HxPK_45O_400x4001-150x150.jpg,Mid-level,-,Not specified on Jobspresso,2025-02-08,False,Jobspresso
Enterprise Account Executive,Neo4j,Asia Pacific,On-site,https://jobspresso.co/job/enterprise-account-executive-2/,https://jobspresso.co/wp-content/uploads/Zm5Xd5_2_400x4001.jpg,Senior-level,-,Not specified on Jobspresso,2025-02-04,False,Jobspresso
Inside Sales Representative,Yelp,United States West Region,On-site,https://jobspresso.co/job/inside-sales-representative-3/,https://jobspresso.co/wp-content/uploads/29694598_10155780405222886_1119383701947345527_n1-150x150.jpg,Entry-level,Salesforce,Not specified on Jobspresso,2024-08-15,False,Jobspresso
"Inbound Sales Agent, 2nd Shift",Wayfair,United States,On-site,https://jobspresso.co/job/inbound-sales-agent-2nd-shift/,https://jobspresso.co/wp-content/uploads/fGVxLrW0_400x4001-150x150.jpg,Entry-level,-,Not specified on Jobspresso,2024-07-11,False,Jobspresso
"Channel Account Executive, Zoom Phone",Zoom,United States,On-site,https://jobspresso.co/job/channel-account-executive-zoom-phone/,https://jobspresso.co/wp-content/uploads/50476262_2159293254092471_8997900049249730560_n-150x150.png,Senior-level,-,Not specified on Jobspresso,2025-04-08,False,Jobspresso
"Professional Services Sales Representative, Zoom Phone",Zoom,United States,On-site,https://jobspresso.co/job/professional-services-sales-representative-zoom-phone/,https://jobspresso.co/wp-content/uploads/50476262_2159293254092471_8997900049249730560_n-150x150.png,Mid-level,Salesforce,Not specified on Jobspresso,2025-03-21,False,Jobspresso
Sales Manager,ModSquad,US East Coast,On-site,https://jobspresso.co/job/sales-manager-5/,https://jobspresso.co/wp-content/uploads/56381657_2119959881374390_7021587409389223936_n1-150x150.png,Mid-level,Salesforce,Not specified on Jobspresso,2025-02-28,False,Jobspresso
Business Development Representative,Percona,Anywhere in US,Remote,https://jobspresso.co/job/business-development-representative-3/,https://jobspresso.co/wp-content/uploads/bullseye-800_400x4001-150x150.png,Entry-level,-,Not specified on Jobspresso,2024-12-20,False,Jobspresso
Inside Sales Representative,Impossible Foods,Anywhere in US,Remote,https://jobspresso.co/job/inside-sales-representative/,https://jobspresso.co/wp-content/uploads/64732632_2458265330896932_8124015045081300992_o1-150x150.jpg,Mid-level,Salesforce,Not specified on Jobspresso,2024-12-15,False,Jobspresso
Sales Manager,Zoom,Anywhere in US,Remote,https://jobspresso.co/job/sales-manager/,https://jobspresso.co/wp-content/uploads/50476262_2159293254092471_8997900049249730560_n-150x150.png,Mid-level,Salesforce,Not specified on Jobspresso,2024-11-17,False,Jobspresso
Services Sales Representative,GitHub,US West Coast,On-site,https://jobspresso.co/job/services-sales-representative/,https://jobspresso.co/wp-content/uploads/2016/02/pBeeJQDQ_400x4001-150x150.png,Mid-level,Salesforce,Not specified on Jobspresso,2024-11-14,False,Jobspresso
Sales Operation Strategy/Analyst,ModSquad,Anywhere,Remote,https://jobspresso.co/job/customer-support-moderation-east-coast-3-2/,https://jobspresso.co/wp-content/uploads/73008443_2440716995965342_5064289152388825088_n-150x150.png,Mid-level,Salesforce,Not specified on Jobspresso,2024-10-29,False,Jobspresso
Senior Sales Business Analyst,WebMD,Anywhere in US,Remote,https://jobspresso.co/job/video-production-coordinator-2/,https://jobspresso.co/wp-content/uploads/wbmd1-150x150.png,-,-,Not specified on Jobspresso,2024-10-29,False,Jobspresso
Sales Development Representative,CodeCombat,Anywhere in US,Remote,https://jobspresso.co/job/education-specialist-2-2/,https://jobspresso.co/wp-content/uploads/1559655_417486308401450_272419315397267485_n1-150x150.png,-,Salesforce,Not specified on Jobspresso,2024-10-26,False,Jobspresso
Strategic Account Executive,Zendesk,Southern California,On-site,https://jobspresso.co/job/project-manager-emea-2/,https://jobspresso.co/wp-content/uploads/2017/05/7OhDQq9H1-150x150.jpg,Senior-level,Salesforce,Not specified on Jobspresso,2025-04-22,False,Jobspresso
Enterprise Sales Executive,Stack Overflow,US West Coast,On-site,https://jobspresso.co/job/enterprise-sales-executive-2/,https://jobspresso.co/wp-content/uploads/2016/03/F-pVCbHg_400x4001-150x150.png,Mid-level,Salesforce,Not specified on Jobspresso,2025-01-20,False,Jobspresso
VP of Enterprise Sales,HackerRank,Anywhere in US,Remote,https://jobspresso.co/job/vp-enterprise-sales/,https://jobspresso.co/wp-content/uploads/IxwXYa82_400x4001-150x150.jpg,Mid-level,-,Not specified on Jobspresso,2024-10-12,False,Jobspresso
Sales Operations Intern,InVision,Anywhere,Remote,https://jobspresso.co/job/sales-operations-intern/,https://jobspresso.co/wp-content/uploads/2016/06/r9uL4jWU1-150x150.png,-,Salesforce,Not specified on Jobspresso,2024-09-30,False,Jobspresso
Director of Sales,Bulletproof,US West Coast,On-site,https://jobspresso.co/job/director-of-sales-2/,https://jobspresso.co/wp-content/uploads/13882471_1033847669996201_839487745553447751_n1-150x150.png,Senior-level,-,Not specified on Jobspresso,2024-07-22,False,Jobspresso
Enterprise Account Manager,InVision,US East Coast,On-site,https://jobspresso.co/job/enterprise-account-manager/,https://jobspresso.co/wp-content/uploads/2016/06/r9uL4jWU1-150x150.png,Entry-level,-,Not specified on Jobspresso,2024-07-19,False,Jobspresso
"Sales Director, Consumer Electronics",Fender Guitars,Anywhere in US,Remote,https://jobspresso.co/job/sales-director-consumer-electronics/,https://jobspresso.co/wp-content/uploads/XeOiqdgp_400x4001-150x150.jpg,Senior-level,Groove,Not specified on Jobspresso,2024-07-10,False,Jobspresso
"Account Executive, Enterprise",HackerRank,Anywhere in NYC or SF,Remote,https://jobspresso.co/job/account-executive-enterprise/,https://jobspresso.co/wp-content/uploads/IxwXYa82_400x4001-150x150.jpg,-,Salesforce,Not specified on Jobspresso,2024-07-04,False,Jobspresso
Sales Development Representative,C-Level Connections,Anywhere in US,Remote,https://jobspresso.co/job/c-level-connections-sales-development-representative/,https://jobspresso.co/wp-content/uploads/8RiaNq0-_400x4001-150x150.jpg,Mid-level,Salesforce,Not specified on Jobspresso,2024-07-03,False,Jobspresso
Sales Representative,Museum Hack,Eastern Time Zone,On-site,https://jobspresso.co/job/sales-representative-3/,https://jobspresso.co/wp-content/uploads/13770377_1078464218855733_1021561952177188400_n1-150x150.png,-,-,Not specified on Jobspresso,2025-03-31,False,Jobspresso
Inbound Sales Manager,Museum Hack,Anywhere in North America,Remote,https://jobspresso.co/job/growth-marketer-3/,https://jobspresso.co/wp-content/uploads/13770377_1078464218855733_1021561952177188400_n1-150x150.png,Mid-level,-,Not specified on Jobspresso,2025-03-31,False,Jobspresso
Sales Compensation Analyst,InVision,Anywhere,Remote,https://jobspresso.co/job/sales-compensation-analyst/,https://jobspresso.co/wp-content/uploads/2016/06/r9uL4jWU1-150x150.png,Mid-level,Salesforce,Not specified on Jobspresso,2025-03-31,False,Jobspresso
Technical Account Manager,Twilio,Anywhere in US,Remote,https://jobspresso.co/job/technical-account-manager-2/,https://jobspresso.co/wp-content/uploads/gB7Sa7Jx_400x4001-150x150.jpg,Mid-level,-,Not specified on Jobspresso,2025-03-25,False,Jobspresso
Account Executive,Reddit,Remotely in Detroit,On-site,https://jobspresso.co/job/account-executive/,https://jobspresso.co/wp-content/uploads/fjCSPU-a_400x4001-150x150.jpg,Mid-level,-,Not specified on Jobspresso,2025-03-17,False,Jobspresso
Senior Enterprise Sales Representative,Shopify,Anywhere,Remote,https://jobspresso.co/job/senior-enterprise-sales-representative/,https://jobspresso.co/wp-content/uploads/2016/08/Q9Y8CMr71-150x150.jpg,-,Salesforce,Not specified on Jobspresso,2025-03-06,False,Jobspresso
Sales Development Representative,InVision,Anywhere,Remote,https://jobspresso.co/job/sales-development-representative-3/,https://jobspresso.co/wp-content/uploads/2016/06/r9uL4jWU1-150x150.png,-,Salesforce,Not specified on Jobspresso,2025-01-02,False,Jobspresso
Senior Manager of Sales & Service,Wayfair,Anywhere in Ireland,Remote,https://jobspresso.co/job/senior-manager-sales-service/,https://jobspresso.co/wp-content/uploads/fGVxLrW0_400x4001-150x150.jpg,Mid-level,-,Not specified on Jobspresso,2024-12-18,False,Jobspresso
Enterprise Account Executive,Lever,Anywhere in US,Remote,https://jobspresso.co/job/enterprise-account-executive/,https://jobspresso.co/wp-content/uploads/1377472_243430142473328_330859586_n1-150x150.png,Mid-level,Salesforce,Not specified on Jobspresso,2024-10-26,False,Jobspresso
Strategic Account Executive,Bill.com,Anywhere in US,Remote,https://jobspresso.co/job/strategic-account-executive/,https://jobspresso.co/wp-content/uploads/2017/04/luHgxGZ61-150x150.png,Mid-level,-,Not specified on Jobspresso,2024-10-19,False,Jobspresso
Enterprise Sales Executive,Rockbot,Anywhere in US,Remote,https://jobspresso.co/job/enterprise-sales-executive/,https://jobspresso.co/wp-content/uploads/1661105_637983682922278_221205645_n1-150x150.png,Mid-level,-,Not specified on Jobspresso,2024-08-24,False,Jobspresso
Inbound Sales Representative,Museum Hack,US Eastern Time Zone,On-site,https://jobspresso.co/job/inbound-sales-representative/,https://jobspresso.co/wp-content/uploads/13770377_1078464218855733_1021561952177188400_n1-150x150.png,-,-,Not specified on Jobspresso,2024-08-08,False,Jobspresso
Executive Account Manager,Tile,Anywhere in US,Remote,https://jobspresso.co/job/executive-account-manager/,https://jobspresso.co/wp-content/uploads/14192675_1219149544771950_1072731406147474331_n1-150x150.png,Senior-level,-,Not specified on Jobspresso,2024-07-30,False,Jobspresso
Sales Manager,Bulletproof,US West Coast,On-site,https://jobspresso.co/job/sales-manager-4/,https://jobspresso.co/wp-content/uploads/13882471_1033847669996201_839487745553447751_n1-150x150.png,Senior-level,-,Not specified on Jobspresso,2024-07-23,False,Jobspresso
Sales Operations Manager,InVision,Anywhere,Remote,https://jobspresso.co/job/sales-operations-manager-2/,https://jobspresso.co/wp-content/uploads/2016/06/r9uL4jWU1-150x150.png,Mid-level,Salesforce,Not specified on Jobspresso,2024-07-14,False,Jobspresso
Technical Account Manager,Red Hat,US West Coast,On-site,https://jobspresso.co/job/technical-account-manager-8/,https://jobspresso.co/wp-content/uploads/2016/04/red_hat_logo1-150x150.jpg,Mid-level,-,Not specified on Jobspresso,2025-06-20,False,Jobspresso
Technical Account Engineer,Automattic,Anywhere,Remote,https://jobspresso.co/job/technical-account-engineer-2/,https://jobspresso.co/wp-content/uploads/2015/04/Automattic-150x150.png,-,-,Not specified on Jobspresso,2025-06-12,False,Jobspresso
Healthcare Sales Advisor,Amazon,Anywhere in US,Remote,https://jobspresso.co/job/healthcare-customer-advisor/,https://jobspresso.co/wp-content/uploads/2016/03/ClSB1Oo__400x4001-150x150.jpg,Senior-level,Salesforce,Not specified on Jobspresso,2025-05-29,False,Jobspresso
"Director, Strategic Sales",InVision,Anywhere,Remote,https://jobspresso.co/job/director-strategic-sales/,https://jobspresso.co/wp-content/uploads/2016/06/r9uL4jWU1-150x150.png,Senior-level,-,Not specified on Jobspresso,2025-05-22,False,Jobspresso
"Director, Sales Insights",InVision,Anywhere,Remote,https://jobspresso.co/job/director-sales-insights/,https://jobspresso.co/wp-content/uploads/2016/06/r9uL4jWU1-150x150.png,-,-,Not specified on Jobspresso,2025-05-20,False,Jobspresso
"Strategic Sales, EMEA",Zendesk,"Europe, the Middle East and Africa",On-site,https://jobspresso.co/job/strategic-sales-emea/,https://jobspresso.co/wp-content/uploads/2017/05/7OhDQq9H1-150x150.jpg,Senior-level,-,Not specified on Jobspresso,2025-05-17,False,Jobspresso
Sales Representative,Certent,US East Coast,On-site,https://jobspresso.co/job/sales-representative-2/,https://jobspresso.co/wp-content/uploads/2017/04/10408485_1026371157389493_3288215339649650682_n1-150x150.jpg,Entry-level,-,Not specified on Jobspresso,2025-05-02,False,Jobspresso
Business Development Representative,Udemy,Anywhere in US,Remote,https://jobspresso.co/job/business-development-representative-2/,https://jobspresso.co/wp-content/uploads/2017/04/14717285_1355206027852791_6693951318786797132_n1-150x150.jpg,Mid-level,Salesforce,Not specified on Jobspresso,2025-04-30,False,Jobspresso
Corporate Account Executive,InVision,Anywhere,Remote,https://jobspresso.co/job/corporate-account-executive-2/,https://jobspresso.co/wp-content/uploads/2016/06/r9uL4jWU1-150x150.png,Entry-level,Salesforce,Not specified on Jobspresso,2025-04-21,False,Jobspresso
Outbound Business Development Representative,InVision,Anywhere,Remote,https://jobspresso.co/job/outbound-business-development-representative/,https://jobspresso.co/wp-content/uploads/2016/06/r9uL4jWU1-150x150.png,-,-,Not specified on Jobspresso,2025-04-09,False,Jobspresso
Enterprise Account Executive,InVision,Anywhere in US,Remote,https://jobspresso.co/job/enterprise-account-executive-4/,https://jobspresso.co/wp-content/uploads/2016/06/r9uL4jWU1-150x150.png,Mid-level,-,Not specified on Jobspresso,2025-04-01,False,Jobspresso
Sales Manager,Sports Illustrated,Anywhere in US,Remote,https://jobspresso.co/job/sales-manager-3/,https://jobspresso.co/wp-content/uploads/2017/03/GrPXNmam1-150x150.jpg,Entry-level,-,Not specified on Jobspresso,2025-03-28,False,Jobspresso
Senior Account Executive,CareMessage,Anywhere in US,Remote,https://jobspresso.co/job/senior-account-executive/,https://jobspresso.co/wp-content/uploads/2016/11/caremessage-logo1-150x150.jpg,Senior-level,-,Not specified on Jobspresso,2025-03-28,False,Jobspresso
Strategic Account Manager,Mixmax,Anywhere,Remote,https://jobspresso.co/job/strategic-account-manager/,https://jobspresso.co/wp-content/uploads/2016/03/Twl5UdfM_400x4001-150x150.png,-,"Salesforce, Mixmax",Not specified on Jobspresso,2025-03-18,False,Jobspresso
Enterprise Account Executive,GoDaddy,Anywhere in US,Remote,https://jobspresso.co/job/enterprise-account-executive-3/,https://jobspresso.co/wp-content/uploads/2016/04/LBOnKG5g1-150x150.jpg,Mid-level,Salesforce,Not specified on Jobspresso,2025-03-04,False,Jobspresso
Senior Sales Engineer,Crew,Anywhere,Remote,https://jobspresso.co/job/senior-sales-engineer/,https://jobspresso.co/wp-content/uploads/2016/09/TKZyoQxA1-150x150.png,-,-,Not specified on Jobspresso,2025-03-02,False,Jobspresso
Technical Account Manager,CrowdStrike,Anywhere in US,Remote,https://jobspresso.co/job/technical-account-manager-7/,https://jobspresso.co/wp-content/uploads/2015/11/7oLQvjPZ_400x4001-150x150.jpeg,Mid-level,-,Not specified on Jobspresso,2025-01-18,False,Jobspresso
Pre-Sales Solutions Architect,Marketo,Anywhere in US,Remote,https://jobspresso.co/job/pre-sales-solutions-architect/,https://jobspresso.co/wp-content/uploads/2016/05/cwkQCmrQ1-150x150.jpg,-,-,Not specified on Jobspresso,2025-01-18,False,Jobspresso
Looking For SDR. Not a Seat Warmer. A Door Opener.,Z H Consultancy Services,Kochi,On-site,https://www.naukri.com/job-listings-looking-for-sdr-not-a-seat-warmer-a-door-opener-z-h-consultancy-services-kochi-2-to-7-years-230525015046,https://img.naukimg.com/logo_images/groups/v1/10661606.gif,Entry-level,"Salesforce, SalesLoft, LinkedIn Sales Navigator, ZoomInfo",Software Product,2025-06-23,True,Naukri
SDR,SAM Manpower & Career Services,Bengaluru,On-site,https://www.naukri.com/job-listings-sdr-sam-manpower-career-services-bengaluru-1-to-3-years-270625030392,https://img.naukimg.com/logo_images/groups/v1/4872679.gif,Entry-level,"Salesforce, SalesLoft, LinkedIn Sales Navigator, ZoomInfo",IT Services & Consulting,2025-06-28,True,Naukri
Women from SDR - Become a Recruiter | WFH,Software Product Development Unicorn,Bengaluru,On-site,https://www.naukri.com/job-listings-women-from-sdr-become-a-recruiter-wfh-jobs-territory-bengaluru-4-to-9-years-180625012503,https://img.naukimg.com/logo_images/groups/v1/2127278.gif,Mid-level,"Salesforce, SalesLoft, LinkedIn Sales Navigator, ZoomInfo",Recruitment / Staffing,2025-06-23,True,Naukri
SDR Team Lead,Product based Top Firm in e-Learning Domain,Gurugram,On-site,https://www.naukri.com/job-listings-sdr-team-lead-spectra-gurugram-8-to-13-years-230625006122,https://img.naukimg.com/logo_images/groups/v1/177248.gif,Senior-level,"Salesforce, SalesLoft, LinkedIn Sales Navigator, ZoomInfo",Telecom / ISP,2025-06-24,True,Naukri
Sales Development Representative (SDR),Jobs Territory,Bengaluru,On-site,https://www.naukri.com/job-listings-sales-development-representative-sdr-coderenowned-bengaluru-0-to-2-years-160625502082,https://img.naukimg.com/logo_images/groups/v1/5978546.gif,Entry-level,"Salesforce, SalesLoft, LinkedIn Sales Navigator, ZoomInfo",Advertising & Marketing,2025-06-23,True,Naukri
SDR US - Healthcare,SPECTRA,Bengaluru,On-site,https://www.naukri.com/job-listings-sdr-us-healthcare-leadsquared-bengaluru-1-to-4-years-180625503897,https://img.naukimg.com/logo_images/groups/v1/4611229.gif,Entry-level,"Salesforce, SalesLoft, LinkedIn Sales Navigator, ZoomInfo",-,2025-06-23,True,Naukri
"BDE, SDR,",Pricelabs,Ahmedabad,On-site,https://www.naukri.com/job-listings-bde-sdr-omniism-technologies-ahmedabad-2-to-7-years-250625933924,https://img.naukimg.com/logo_images/groups/v1/4616245.gif,Entry-level,"Salesforce, SalesLoft, LinkedIn Sales Navigator, ZoomInfo",IT Services & Consulting,2025-06-26,True,Naukri
,Omniism Technologies,,On-site,https://www.naukri.com/job-listings-sdr-konnect-insights-mumbai-1-to-3-years-230625500132,,-,"Salesforce, SalesLoft, LinkedIn Sales Navigator, ZoomInfo",-,2025-06-30,True,Naukri
Sales Development Representative (SDR),Omniism Technologies,Bengaluru,On-site,https://www.naukri.com/job-listings-sales-development-representative-sdr-i4-consulting-bengaluru-2-to-5-years-230625011450,https://img.naukimg.com/logo_images/groups/v1/4803835.gif,Entry-level,"Salesforce, SalesLoft, LinkedIn Sales Navigator, ZoomInfo",FinTech / Payments,2025-06-24,True,Naukri
Sales Development Representative (SDR) For Pooling,Coderenowned,Bengaluru,On-site,https://www.naukri.com/job-listings-sales-development-representative-sdr-for-pooling-portcast-bengaluru-0-to-1-years-180625502551,https://img.naukimg.com/logo_images/groups/v1/6037763.gif,Entry-level,"Salesforce, SalesLoft, LinkedIn Sales Navigator, ZoomInfo",Courier / Logistics,2025-06-23,True,Naukri
SDR Manager - USA,LeadSquared,Bengaluru,On-site,https://www.naukri.com/job-listings-sdr-manager-usa-gocomet-bengaluru-2-to-6-years-200625503269,https://img.naukimg.com/logo_images/groups/v1/1838344.gif,Entry-level,"Salesforce, SalesLoft, LinkedIn Sales Navigator, ZoomInfo",Courier / Logistics,2025-06-23,True,Naukri
Sales Development Representative ( SDR ),Omniism Technologies,"Mumbai, Andheri East",On-site,https://www.naukri.com/job-listings-sales-development-representative-sdr-sharpsell-ai-mumbai-andheri-east-1-to-3-years-230625923570,https://img.naukimg.com/logo_images/groups/v1/7421925.gif,Entry-level,"Salesforce, SalesLoft, LinkedIn Sales Navigator, ZoomInfo",Software Product,2025-06-24,True,Naukri
Inside Sales Executive / SDR,Konnect Insights,Mumbai (All Areas),On-site,https://www.naukri.com/job-listings-inside-sales-executive-sdr-aion-tech-solutions-mumbai-all-areas-2-to-5-years-240625014928,https://img.naukimg.com/logo_images/groups/v1/10363922.gif,Entry-level,"Salesforce, SalesLoft, LinkedIn Sales Navigator, ZoomInfo",IT Services & Consulting,2025-06-25,True,Naukri
SDR 2,i4 Consulting,Bengaluru,On-site,https://www.naukri.com/job-listings-sdr-2-trask-bengaluru-4-to-9-years-200625504240,https://img.naukimg.com/logo_images/groups/v1/10031076.gif,Mid-level,"Salesforce, SalesLoft, LinkedIn Sales Navigator, ZoomInfo",IT Services & Consulting,2025-06-23,True,Naukri
Founding SDR,Portcast,"Kolkata, Mumbai, New Delhi, Hyderabad, Pune, Chennai, Bengaluru",On-site,https://www.naukri.com/job-listings-founding-sdr-weekday-yc-w21-kolkata-mumbai-new-delhi-hyderabad-pune-chennai-bengaluru-3-to-6-years-180625504040,https://img.naukimg.com/logo_images/groups/v1/8275723.gif,Mid-level,"Salesforce, SalesLoft, LinkedIn Sales Navigator, ZoomInfo",Recruitment / Staffing,2025-06-23,True,Naukri
Team Lead - SDR - US,Gocomet,Navi Mumbai,On-site,https://www.naukri.com/job-listings-team-lead-sdr-us-gep-navi-mumbai-3-to-5-years-220625003170,https://img.naukimg.com/logo_images/groups/v1/1711838.gif,Mid-level,"Salesforce, SalesLoft, LinkedIn Sales Navigator, ZoomInfo",-,2025-06-23,True,Naukri
SDR Senior Manager - APAC,Sharpsell Technology Solutions,Bengaluru,On-site,https://www.naukri.com/job-listings-sdr-senior-manager-apac-jfrog-bengaluru-7-to-12-years-270625503157,https://img.naukimg.com/logo_images/groups/v1/3167578.gif,Senior-level,"Salesforce, SalesLoft, LinkedIn Sales Navigator, ZoomInfo",IT Services & Consulting,2025-06-28,True,Naukri
Sales Development Representative,Vendition,"San Francisco, CA, United States",On-site,https://www.talent.com/en/view?id=5aeeb09a0290,https://cdn-dynamic.talent.com/ajax/img/get-logo.php?empcode=clickcast-li-us&empname=Vendition,Entry-level,-,-,2025-06-23,True,Talent
Sales Development Representative,xdge,"San Francisco Bay Area, United States",Hybrid,https://www.talent.com/en/view?id=a323f441cb52,https://cdn-dynamic.talent.com/ajax/img/get-logo.php?empcode=clickcast-li-us&empname=xdge,Entry-level,-,-,2025-06-23,True,Talent
Sales Development Representative,Planview,"Austin, TX, US",Remote,https://www.talent.com/en/view?id=8d9d864a0237,https://cdn-dynamic.talent.com/ajax/img/get-logo.php?empcode=ziprecruiter-30-us&empname=Planview,-,Salesforce,-,2025-06-28,True,Talent
Sales Development Representative,UNI Diamonds,"New York, NY, United States",On-site,https://www.talent.com/en/view?id=b4d0067715e8,https://cdn-dynamic.talent.com/ajax/img/get-logo.php?empcode=clickcast-li-us&empname=UNI%20Diamonds,-,-,-,2025-06-23,True,Talent
Sales Development Representative,ROLLER,"Austin, TX, US",Remote,https://www.talent.com/en/view?id=3021d82af8f0,https://cdn-dynamic.talent.com/ajax/img/get-logo.php?empcode=ziprecruiter-test-s&empname=ROLLER,Entry-level,"Salesforce, HubSpot",-,2025-05-31,False,Talent
Sales Development Representative,TensorStax,"Hayward, CA, United States",Hybrid,https://www.talent.com/en/view?id=5d9826521290,https://cdn-dynamic.talent.com/ajax/img/get-logo.php?empcode=clickcast-li-us&empname=TensorStax,-,-,-,2025-06-23,True,Talent
Sales Development Representative,NetSPI LLC,"Minneapolis, MN, US",On-site,https://www.talent.com/en/view?id=16b6dcd93354,https://cdn-dynamic.talent.com/ajax/img/get-logo.php?empcode=ziprecruiter-test-s&empname=NetSPI%20LLC,-,-,-,2025-06-05,False,Talent
Sales Development Representative,MPH Tech Academy,"Fremont, CA, United States",Remote,https://www.talent.com/en/view?id=2ca70e369123,https://cdn-dynamic.talent.com/ajax/img/get-logo.php?empcode=clickcast-li-us&empname=MPH%20Tech%20Academy,-,LinkedIn Sales Navigator,-,2025-06-23,True,Talent
Sales Development Representative,Elevate,"San Diego, CA, United States",Remote,https://www.talent.com/en/view?id=84ae41c8506c,https://cdn-dynamic.talent.com/ajax/img/get-logo.php?empcode=clickcast-li-us&empname=Elevate,-,-,-,2025-06-23,True,Talent
Sales Development Representative,Motionpoint Corp,"Pompano Beach, FL, US",Remote,https://www.talent.com/en/view?id=d9b08b10d785,https://cdn-dynamic.talent.com/ajax/img/get-logo.php?empcode=ziprecruiter-test-s&empname=Motionpoint%20Corp,-,"Salesforce, Outreach.io",-,2025-05-31,False,Talent
Sales Development Representative,Dragonfly,"Santa Clara, CA, US",On-site,https://www.talent.com/en/view?id=3efa518f449e,https://cdn-dynamic.talent.com/ajax/img/get-logo.php?empcode=ziprecruiter-30-us&empname=Dragonfly,Entry-level,HubSpot,-,2025-06-28,True,Talent
Sales Development Representative,SuperOps,"Fremont, CA, US",On-site,https://www.talent.com/en/view?id=d35ce0228e94,https://cdn-dynamic.talent.com/ajax/img/get-logo.php?empcode=ziprecruiter-30-us&empname=SuperOps,Mid-level,"HubSpot, SalesLoft, LinkedIn Sales Navigator, ZoomInfo",-,2025-06-28,True,Talent
Sales Development Representative,WeBox,"San Carlos, CA, United States",On-site,https://www.talent.com/en/view?id=f1f596eecc95,https://cdn-dynamic.talent.com/ajax/img/get-logo.php?empcode=clickcast-li-us&empname=WeBox,Entry-level,-,-,2025-06-24,True,Talent
Sales Development Representative,Guardz,"Miami, FL, US",Hybrid,https://www.talent.com/en/view?id=9d7d84866fab,https://cdn-dynamic.talent.com/ajax/img/get-logo.php?empcode=ziprecruiter-test-s&empname=Guardz,Entry-level,HubSpot,-,2025-06-25,True,Talent
Sales Development Representative,Podium,"Lehi, UT, United States",Remote,https://www.talent.com/en/view?id=231ee08a67c6,https://cdn-dynamic.talent.com/ajax/img/get-logo.php?empcode=clickcast-li-us&empname=Podium,-,-,-,2025-06-23,True,Talent
Sales Development Representative,"EyeMD EMR Healthcare Systems, Inc.","Naples, FL, United States",Remote,https://www.talent.com/en/view?id=b4841bbaf980,https://cdn-dynamic.talent.com/ajax/img/get-logo.php?empcode=clickcast-li-us&empname=EyeMD%20EMR%20Healthcare%20Systems%2C%20Inc.,Entry-level,"Salesforce, HubSpot, LinkedIn Sales Navigator",-,2025-06-23,True,Talent
Sales Development Representative,The Weaver Adjustment Group,"Philadelphia, PA, US",Remote,https://www.talent.com/en/view?id=0db2d543c12e,https://cdn-dynamic.talent.com/ajax/img/get-logo.php?empcode=ziprecruiter-test-s&empname=The%20Weaver%20Adjustment%20Group,-,-,-,2025-06-06,False,Talent
Sales Development Representative,Billd,"Austin, TX, US",On-site,https://www.talent.com/en/view?id=083473e5efd7,https://cdn-dynamic.talent.com/ajax/img/get-logo.php?empcode=ziprecruiter-test-s&empname=Billd,Entry-level,Salesforce,-,2025-05-31,False,Talent
Sales Development Representative,Vivax Pros,"Austin, TX, US",On-site,https://www.talent.com/en/view?id=15da2db0f963,https://cdn-dynamic.talent.com/ajax/img/get-logo.php?empcode=jobcase-new&empname=Vivax%20Pros,-,-,-,2025-05-31,False,Talent
